asset,direction,signalTs,entryTs,entry,exitTs,exit,stopLoss,takeProfit,qty,risk,pnl,rMultiple,durationH,win,exitReason,ambiguous,passCount,condsPassed,condsFailed,rsi,macd,macdSignal,trend1h,trend4h,ema20,volume,atr,balanceAfter
GOLD,SHORT,2025-08-19T16:00:00+00:00,2025-08-19T17:00:00+00:00,3361.2,2025-08-20T11:00:00+00:00,3372.7344,3372.7344,3338.1311,0.029751,1.0,-0.3432,-0.343,18.0,False,STOP_LOSS,False,6,4h Trend|1h Trend|RSI|MACD Momentum|Price vs MA|Volume,,28.061229969674415,-3.7110296764599298,-1.8459649790597137,BEARISH,BEARISH,3377.6384484440136,8962.0,7.689625741679877,99.6568
GOLD,SHORT,2025-08-22T12:00:00+00:00,2025-08-22T13:00:00+00:00,3365.0,2025-08-22T13:00:00+00:00,3373.0356,3373.0356,3348.9289,0.029616,0.9966,-0.238,-0.239,0.0,False,STOP_LOSS,False,6,4h Trend|1h Trend|RSI|MACD Momentum|Price vs MA|Volume,,31.901069798891896,-3.3716199814480206,-2.395041840072703,BEARISH,BEARISH,3374.7959248816387,11207.0,5.357033592297458,99.4189
GOLD,LONG,2025-08-25T11:00:00+00:00,2025-08-25T12:00:00+00:00,3415.7,2025-08-25T13:00:00+00:00,3407.7917,3407.7917,3431.5165,0.029106,0.9942,-0.2302,-0.232,1.0,False,STOP_LOSS,False,4,4h Trend|RSI|Price vs MA|Volume,1h Trend|MACD Momentum,62.136206487727314,5.666450218484897,6.644447495598321,NEUTRAL,BULLISH,3407.7168654770367,4177.0,5.2721750616969105,99.1887
GOLD,LONG,2025-08-26T00:00:00+00:00,2025-08-26T01:00:00+00:00,3431.3,2025-08-26T07:00:00+00:00,3416.2965,3416.2965,3461.3071,0.028907,0.9919,-0.4337,-0.437,6.0,False,STOP_LOSS,False,4,4h Trend|RSI|Price vs MA|Volume,1h Trend|MACD Momentum,64.9118180812478,3.1848928513309147,3.7839360563860716,NEUTRAL,BULLISH,3412.283272162349,21823.0,10.002356097167109,98.755
GOLD,LONG,2025-08-27T01:00:00+00:00,2025-08-27T02:00:00+00:00,3436.7,2025-08-27T04:00:00+00:00,3427.4425,3427.4425,3455.2149,0.028735,0.9875,-0.266,-0.269,2.0,False,STOP_LOSS,False,6,4h Trend|1h Trend|RSI|MACD Momentum|Price vs MA|Volume,,59.32284942585956,6.177718376203757,5.709298991227608,BULLISH,BULLISH,3431.0987804301203,5220.0,6.1716635323929445,98.489
GOLD,LONG,2025-08-28T01:00:00+00:00,2025-08-28T02:00:00+00:00,3443.6001,2025-08-28T11:00:00+00:00,3461.2198,3434.7903,3461.2198,0.028601,0.9849,0.5039,0.512,9.0,True,TAKE_PROFIT,False,6,4h Trend|1h Trend|RSI|MACD Momentum|Price vs MA|Volume,,55.75834336010002,5.427499036101381,4.8867914892731985,BULLISH,BULLISH,3441.1156620829634,5231.0,5.8732316060383045,98.9929
GOLD,LONG,2025-08-29T07:00:00+00:00,2025-08-29T08:00:00+00:00,3471.1001,2025-08-29T10:00:00+00:00,3464.1149,3464.1149,3485.0705,0.028519,0.9899,-0.1992,-0.201,2.0,False,STOP_LOSS,False,4,4h Trend|RSI|Price vs MA|Volume,1h Trend|MACD Momentum,59.83147992625576,4.874723372401149,6.450717122718695,NEUTRAL,BULLISH,3468.258355842451,5928.0,4.6567862282105175,98.7937
GOLD,LONG,2025-08-29T11:00:00+00:00,2025-08-29T12:00:00+00:00,3469.8,2025-08-29T13:00:00+00:00,3484.5477,3462.4262,3484.5477,0.028472,0.9879,0.4199,0.425,1.0,True,TAKE_PROFIT,False,4,4h Trend|RSI|Price vs MA|Volume,1h Trend|MACD Momentum,55.68296754025745,2.9668470636684106,4.705082620006816,NEUTRAL,BULLISH,3468.177964606891,4623.0,4.9158973433459625,99.2136
GOLD,LONG,2025-08-29T19:00:00+00:00,2025-08-29T20:00:00+00:00,3516.0,2025-09-01T02:00:00+00:00,3541.2224,3503.3888,3541.2224,0.028218,0.9921,0.7117,0.717,54.0,True,TAKE_PROFIT,False,6,4h Trend|1h Trend|RSI|MACD Momentum|Price vs MA|Volume,,76.1718561378919,13.334095948556751,9.681400675184937,BULLISH,BULLISH,3489.642218392487,7344.0,8.407456377670165,99.9253
GOLD,LONG,2025-09-02T06:00:00+00:00,2025-09-02T07:00:00+00:00,3555.8,2025-09-02T08:00:00+00:00,3537.6533,3537.6533,3592.0936,0.028102,0.9993,-0.51,-0.51,1.0,False,STOP_LOSS,False,6,4h Trend|1h Trend|RSI|MACD Momentum|Price vs MA|Volume,,73.96174379899219,21.241851755131393,17.16962387198756,BULLISH,BULLISH,3522.0709542268223,7790.0,12.097864863090857,99.4153
GOLD,LONG,2025-09-02T10:00:00+00:00,2025-09-02T11:00:00+00:00,3555.0,2025-09-02T16:00:00+00:00,3590.2576,3537.3712,3590.2576,0.027965,0.9942,0.986,0.992,5.0,True,TAKE_PROFIT,False,6,4h Trend|1h Trend|RSI|MACD Momentum|Price vs MA|Volume,,68.74361296662173,18.488245492968417,18.24700004872999,BULLISH,BULLISH,3530.4841099572022,7544.0,11.752545615263342,100.4013
GOLD,LONG,2025-09-02T19:00:00+00:00,2025-09-02T20:00:00+00:00,3597.8,2025-09-03T16:00:00+00:00,3634.0292,3579.6855,3634.0292,0.027906,1.004,1.011,1.007,20.0,True,TAKE_PROFIT,False,6,4h Trend|1h Trend|RSI|MACD Momentum|Price vs MA|Volume,,76.48589452453766,22.91727115093863,20.532934219061566,BULLISH,BULLISH,3560.9765345859096,8989.0,12.076379058087097,101.4123
GOLD,LONG,2025-09-03T23:00:00+00:00,2025-09-04T00:00:00+00:00,3613.8999,2025-09-04T02:00:00+00:00,3598.9869,3598.9869,3643.7259,0.028062,1.0141,-0.4185,-0.413,2.0,False,STOP_LOSS,False,4,4h Trend|RSI|Price vs MA|Volume,1h Trend|MACD Momentum,55.60381236052826,11.30845523287553,14.405385466437485,NEUTRAL,BULLISH,3613.059693481388,13814.0,9.941986704184767,100.9938
GOLD,LONG,2025-09-08T14:00:00+00:00,2025-09-08T15:00:00+00:00,3680.6001,2025-09-09T14:00:00+00:00,3714.3275,3663.7364,3714.3275,0.02744,1.0099,0.9255,0.916,23.0,True,TAKE_PROFIT,False,6,4h Trend|1h Trend|RSI|MACD Momentum|Price vs MA|Volume,,75.57078503533063,11.587273277699751,8.3206684624389,BULLISH,BULLISH,3649.1869317896976,21852.0,11.242461289383142,101.9193
GOLD,LONG,2025-09-15T15:00:00+00:00,2025-09-15T16:00:00+00:00,3720.5,2025-09-17T07:00:00+00:00,3703.4788,3703.4788,3754.5424,0.027394,1.0192,-0.4663,-0.457,39.0,False,STOP_LOSS,False,6,4h Trend|1h Trend|RSI|MACD Momentum|Price vs MA|Volume,,74.7451644182872,5.103379764165311,1.3717134949400198,BULLISH,BULLISH,3687.336682024505,23891.0,11.347473311145253,101.453
GOLD,LONG,2025-09-19T18:00:00+00:00,2025-09-19T19:00:00+00:00,3717.8999,2025-09-22T06:00:00+00:00,3747.237,3703.2314,3747.237,0.027288,1.0145,0.8005,0.789,59.0,True,TAKE_PROFIT,False,6,4h Trend|1h Trend|RSI|MACD Momentum|Price vs MA|Volume,,67.98049950701208,5.849569656829317,1.9243074529690807,BULLISH,BULLISH,3694.453047349717,8452.0,9.779023546831052,102.2536
GOLD,LONG,2025-09-23T01:00:00+00:00,2025-09-23T02:00:00+00:00,3790.3,2025-09-23T02:00:00+00:00,3777.0216,3777.0216,3816.857,0.026978,1.0225,-0.3582,-0.35,0.0,False,STOP_LOSS,False,4,4h Trend|RSI|Price vs MA|Volume,1h Trend|MACD Momentum,79.39316291330357,18.401617865218213,18.650398627016088,NEUTRAL,BULLISH,3764.131283029592,13014.0,8.85232865679816,101.8953
GOLD,LONG,2025-09-23T05:00:00+00:00,2025-09-23T06:00:00+00:00,3787.3,2025-09-23T09:00:00+00:00,3817.1712,3772.3645,3817.1712,0.026904,1.019,0.8037,0.789,3.0,True,TAKE_PROFIT,False,4,4h Trend|RSI|Price vs MA|Volume,1h Trend|MACD Momentum,69.25324346156734,15.079389428198283,16.980346342503008,NEUTRAL,BULLISH,3769.840351499915,7507.0,9.957050470239503,102.699
GOLD,LONG,2025-09-24T11:00:00+00:00,2025-09-24T12:00:00+00:00,3802.2,2025-09-24T14:00:00+00:00,3787.1949,3787.1949,3832.21,0.02701,1.027,-0.4053,-0.395,2.0,False,STOP_LOSS,False,4,4h Trend|RSI|Price vs MA|Volume,1h Trend|MACD Momentum,53.85547627667637,3.4683030504979797,4.8082465585085306,NEUTRAL,BULLISH,3799.755020998517,6550.0,10.003358737838237,102.2937
GOLD,LONG,2025-09-26T17:00:00+00:00,2025-09-26T18:00:00+00:00,3813.0,2025-09-26T19:00:00+00:00,3795.8205,3795.8205,3847.3589,0.026828,1.0229,-0.4609,-0.451,1.0,False,STOP_LOSS,False,6,4h Trend|1h Trend|RSI|MACD Momentum|Price vs MA|Volume,,67.75386514225842,7.899945815865522,3.904626117565974,BULLISH,BULLISH,3788.5149018073294,11361.0,11.452973207578038,101.8328
GOLD,LONG,2025-09-29T00:00:00+00:00,2025-09-29T01:00:00+00:00,3816.0,2025-09-29T01:00:00+00:00,3797.3797,3797.3797,3853.2405,0.026686,1.0183,-0.4969,-0.488,0.0,False,STOP_LOSS,False,6,4h Trend|1h Trend|RSI|MACD Momentum|Price vs MA|Volume,,62.88117616617546,7.228439269552837,6.158309495685609,BULLISH,BULLISH,3794.375757683728,9394.0,12.41350064363159,101.3359
GOLD,LONG,2025-09-30T00:00:00+00:00,2025-09-30T01:00:00+00:00,3867.5,2025-09-30T05:00:00+00:00,3896.988,3852.756,3896.988,0.026202,1.0134,0.7726,0.762,4.0,True,TAKE_PROFIT,False,4,4h Trend|RSI|Price vs MA|Volume,1h Trend|MACD Momentum,65.87475301422342,13.641331735012045,14.438888896555643,NEUTRAL,BULLISH,3848.6657216759513,8450.0,9.829343741951341,102.1086
GOLD,LONG,2025-09-30T14:00:00+00:00,2025-09-30T15:00:00+00:00,3881.7,2025-10-02T14:00:00+00:00,3853.0533,3853.0533,3938.9932,0.026305,1.0211,-0.7536,-0.738,47.0,False,STOP_LOSS,False,4,4h Trend|RSI|Price vs MA|Volume,1h Trend|MACD Momentum,60.16110367894351,3.5909211145190056,6.405082150095531,NEUTRAL,BULLISH,3858.5562446022477,34787.0,19.09774087461539,101.355
GOLD,LONG,2025-10-06T05:00:00+00:00,2025-10-06T06:00:00+00:00,3957.5,2025-10-07T13:00:00+00:00,4006.4698,3933.0151,4006.4698,0.025611,1.0136,1.2542,1.237,31.0,True,TAKE_PROFIT,False,6,4h Trend|1h Trend|RSI|MACD Momentum|Price vs MA|Volume,,75.21230938948771,14.441117303983901,8.078869293533929,BULLISH,BULLISH,3909.6167649042304,11965.0,16.32325042999886,102.6092
GOLD,LONG,2025-10-08T00:00:00+00:00,2025-10-08T01:00:00+00:00,4014.0,2025-10-08T04:00:00+00:00,4047.5949,3997.2026,4047.5949,0.025563,1.0261,0.8588,0.837,3.0,True,TAKE_PROFIT,False,6,4h Trend|1h Trend|RSI|MACD Momentum|Price vs MA|Volume,,64.53139794466418,11.212136038562676,10.797349350610547,BULLISH,BULLISH,3998.2771896395084,11447.0,11.198299385207232,103.468
GOLD,LONG,2025-10-13T05:00:00+00:00,2025-10-13T06:00:00+00:00,4082.6001,2025-10-14T01:00:00+00:00,4151.0789,4048.3607,4151.0789,0.025344,1.0347,1.7355,1.677,19.0,True,TAKE_PROFIT,False,6,4h Trend|1h Trend|RSI|MACD Momentum|Price vs MA|Volume,,66.90948109665135,18.107964776064364,11.14382552940356,BULLISH,BULLISH,4040.6846181114806,17419.0,22.82627229942774,105.2035
GOLD,LONG,2025-10-14T07:00:00+00:00,2025-10-14T08:00:00+00:00,4141.6001,2025-10-15T06:00:00+00:00,4214.6915,4105.0544,4214.6915,0.025402,1.052,1.8566,1.765,22.0,True,TAKE_PROFIT,False,4,4h Trend|RSI|Price vs MA|Volume,1h Trend|MACD Momentum,56.22482664081645,22.80262885882985,25.499495263142855,NEUTRAL,BULLISH,4135.013450591378,19594.0,24.363811686336092,107.0601
GOLD,LONG,2025-10-15T07:00:00+00:00,2025-10-15T08:00:00+00:00,4225.7002,2025-10-15T09:00:00+00:00,4200.1259,4200.1259,4276.8487,0.025335,1.0706,-0.6479,-0.605,1.0,False,STOP_LOSS,False,6,4h Trend|1h Trend|RSI|MACD Momentum|Price vs MA|Volume,,72.5946524473437,21.20997571474436,17.797769271908916,BULLISH,BULLISH,4182.60059184414,13029.0,17.049512482818066,106.4122
GOLD,LONG,2025-10-16T00:00:00+00:00,2025-10-16T01:00:00+00:00,4224.7002,2025-10-16T13:00:00+00:00,4273.2839,4200.4084,4273.2839,0.025188,1.0641,1.2237,1.15,12.0,True,TAKE_PROFIT,False,4,4h Trend|RSI|Price vs MA|Volume,1h Trend|MACD Momentum,62.30542656196044,13.05974622800204,14.5647523026953,NEUTRAL,BULLISH,4212.008936527846,12800.0,16.194560969572454,107.6359
GOLD,LONG,2025-10-16T23:00:00+00:00,2025-10-17T00:00:00+00:00,4378.2998,2025-10-17T01:00:00+00:00,4337.6261,4337.6261,4459.6471,0.024584,1.0764,-0.9999,-0.929,1.0,False,STOP_LOSS,False,6,4h Trend|1h Trend|RSI|MACD Momentum|Price vs MA|Volume,,85.28772729721557,34.645921460035424,25.3543550179168,BULLISH,BULLISH,4292.475595877375,16579.0,27.115777825389376,106.636
GOLD,LONG,2025-10-17T05:00:00+00:00,2025-10-17T06:00:00+00:00,4378.5,2025-10-17T07:00:00+00:00,4329.8586,4329.8586,4475.7829,0.021923,1.0664,-1.0664,-1.0,1.0,False,STOP_LOSS,False,6,4h Trend|1h Trend|RSI|MACD Momentum|Price vs MA|Volume,,68.39662279838748,36.93749250010751,33.13288536697256,BULLISH,BULLISH,4326.58446288574,14308.0,32.42761698965877,105.5696
GOLD,LONG,2025-10-17T10:00:00+00:00,2025-10-17T11:00:00+00:00,4339.7002,2025-10-17T13:00:00+00:00,4293.9059,4293.9059,4431.2888,0.023053,1.0557,-1.0557,-1.0,2.0,False,STOP_LOSS,False,4,4h Trend|RSI|Price vs MA|Volume,1h Trend|MACD Momentum,54.62148098417569,25.85646378990168,31.12076575618904,NEUTRAL,BULLISH,4337.65564284281,14011.0,30.529533147659425,104.5139
GOLD,LONG,2025-10-20T18:00:00+00:00,2025-10-20T19:00:00+00:00,4376.3999,2025-10-21T05:00:00+00:00,4339.1164,4339.1164,4450.967,0.023881,1.0451,-0.8904,-0.852,10.0,False,STOP_LOSS,False,6,4h Trend|1h Trend|RSI|MACD Momentum|Price vs MA|Volume,,66.3978977775127,22.708604932809976,10.790141513410285,BULLISH,BULLISH,4315.8928484040425,13480.0,24.855698184633116,103.6236
GOLD,SHORT,2025-10-24T08:00:00+00:00,2025-10-24T09:00:00+00:00,4078.7,2025-10-24T13:00:00+00:00,4111.9875,4111.9875,4012.1249,0.025406,1.0362,-0.8457,-0.816,4.0,False,STOP_LOSS,False,6,4h Trend|1h Trend|RSI|MACD Momentum|Price vs MA|Volume,,34.68557281963278,-7.799571219892641,-0.5832153905267541,BEARISH,BEARISH,4121.801579728645,18695.0,22.191697706911377,102.7779
GOLD,SHORT,2025-10-27T08:00:00+00:00,2025-10-27T09:00:00+00:00,4055.3999,2025-10-28T04:00:00+00:00,3981.8164,4092.1916,3981.8164,0.025343,1.0278,1.8649,1.814,19.0,True,TAKE_PROFIT,False,6,4h Trend|1h Trend|RSI|MACD Momentum|Price vs MA|Volume,,35.40466871017756,-11.510193096161402,-8.075793760753246,BEARISH,BEARISH,4095.684444604051,17530.0,24.527825543310335,104.6427
GOLD,SHORT,2025-10-28T16:00:00+00:00,2025-10-28T17:00:00+00:00,3973.3999,2025-10-29T07:00:00+00:00,4008.5213,4008.5213,3903.1571,0.026336,1.0464,-0.925,-0.884,14.0,False,STOP_LOSS,False,4,4h Trend|RSI|Price vs MA|Volume,1h Trend|MACD Momentum,46.48970561913379,-21.539238209651103,-27.321075662676225,NEUTRAL,BEARISH,3973.8118678148944,19996.0,23.414251568077404,103.7178
GOLD,SHORT,2025-11-04T05:00:00+00:00,2025-11-04T06:00:00+00:00,3982.1001,2025-11-04T07:00:00+00:00,4006.0514,4006.0514,3934.1975,0.026046,1.0372,-0.6238,-0.601,1.0,False,STOP_LOSS,False,6,4h Trend|1h Trend|RSI|MACD Momentum|Price vs MA|Volume,,35.1334649952927,-6.7064860257573855,-3.3265883466764237,BEARISH,BEARISH,4007.5092163326344,7594.0,15.967542081096465,103.0939
GOLD,SHORT,2025-11-04T12:00:00+00:00,2025-11-04T13:00:00+00:00,3994.5,2025-11-04T14:00:00+00:00,3951.8817,4015.8092,3951.8817,0.025809,1.0309,1.0999,1.067,1.0,True,TAKE_PROFIT,False,4,4h Trend|RSI|Price vs MA|Volume,1h Trend|MACD Momentum,43.413059096476104,-4.3300890796158455,-4.508367608768124,NEUTRAL,BEARISH,4004.4227501032956,7888.0,14.20611413421794,104.1939
GOLD,SHORT,2025-11-05T01:00:00+00:00,2025-11-05T02:00:00+00:00,3945.3,2025-11-05T03:00:00+00:00,3969.7642,3969.7642,3896.3718,0.02641,1.0419,-0.6461,-0.62,1.0,False,STOP_LOSS,False,6,4h Trend|1h Trend|RSI|MACD Momentum|Price vs MA|Volume,,32.96054575696317,-16.862272812616084,-14.370247014585853,BEARISH,BEARISH,3968.4842762223925,8482.0,16.30940371285158,103.5478
GOLD,LONG,2025-11-10T08:00:00+00:00,2025-11-10T09:00:00+00:00,4090.5,2025-11-10T23:00:00+00:00,4129.1279,4071.1861,4129.1279,0.025314,1.0355,0.9778,0.944,14.0,True,TAKE_PROFIT,False,6,4h Trend|1h Trend|RSI|MACD Momentum|Price vs MA|Volume,,82.85523139533157,20.73808128611654,14.28814088115849,BULLISH,BULLISH,4045.697599381494,8412.0,12.875952102847911,104.5256
GOLD,LONG,2025-11-11T00:00:00+00:00,2025-11-11T01:00:00+00:00,4137.2998,2025-11-11T15:00:00+00:00,4119.2562,4119.2562,4173.387,0.025264,1.0453,-0.4559,-0.436,14.0,False,STOP_LOSS,False,6,4h Trend|1h Trend|RSI|MACD Momentum|Price vs MA|Volume,,81.42766056290526,23.55313515321768,22.5391499519152,BULLISH,BULLISH,4098.622055828727,9773.0,12.029061782499017,104.0698
GOLD,LONG,2025-11-11T19:00:00+00:00,2025-11-11T20:00:00+00:00,4128.6001,2025-11-12T05:00:00+00:00,4109.0948,4109.0948,4167.6106,0.025207,1.0407,-0.4917,-0.472,9.0,False,STOP_LOSS,False,4,4h Trend|RSI|Price vs MA|Volume,1h Trend|MACD Momentum,53.553920608823155,5.806025190722721,11.28024111371174,NEUTRAL,BULLISH,4127.538025260877,8296.0,13.003499082252265,103.5781
GOLD,LONG,2025-11-12T08:00:00+00:00,2025-11-12T09:00:00+00:00,4136.7002,2025-11-12T15:00:00+00:00,4178.9309,4115.5849,4178.9309,0.025039,1.0358,1.0574,1.021,6.0,True,TAKE_PROFIT,False,4,4h Trend|RSI|Price vs MA|Volume,1h Trend|MACD Momentum,55.85989418360867,1.0320093224263474,2.7675048680925594,NEUTRAL,BULLISH,4127.566050632369,9629.0,14.07689164616642,104.6355
GOLD,LONG,2025-11-13T01:00:00+00:00,2025-11-13T02:00:00+00:00,4197.1001,2025-11-13T18:00:00+00:00,4168.0753,4168.0753,4255.1496,0.02493,1.0464,-0.7236,-0.692,16.0,False,STOP_LOSS,False,6,4h Trend|1h Trend|RSI|MACD Momentum|Price vs MA|Volume,,63.42735647712639,20.44603862061558,17.740624829865165,BULLISH,BULLISH,4175.81758962249,11371.0,19.34984033597872,103.9119
GOLD,SHORT,2025-11-18T01:00:00+00:00,2025-11-18T02:00:00+00:00,4024.1001,2025-11-18T13:00:00+00:00,4058.3377,4058.3377,3955.625,0.025822,1.0391,-0.8841,-0.851,11.0,False,STOP_LOSS,False,6,4h Trend|1h Trend|RSI|MACD Momentum|Price vs MA|Volume,,36.23792721176137,-19.473004030067386,-18.14865855936366,BEARISH,BEARISH,4059.6222885511606,8063.0,22.825038269963773,103.0278
GOLD,SHORT,2025-11-21T06:00:00+00:00,2025-11-21T07:00:00+00:00,4030.2,2025-11-21T12:00:00+00:00,4061.0323,4061.0323,3968.5352,0.025564,1.0303,-0.7882,-0.765,5.0,False,STOP_LOSS,False,6,4h Trend|1h Trend|RSI|MACD Momentum|Price vs MA|Volume,,36.059023719008394,-7.192007778545303,-3.9464139074149385,BEARISH,BEARISH,4063.2471921606607,11322.0,20.55490400420954,102.2396
GOLD,LONG,2025-11-25T09:00:00+00:00,2025-11-25T10:00:00+00:00,4161.7998,2025-11-25T12:00:00+00:00,4123.9649,4123.9649,4237.4696,0.024566,1.0224,-0.9295,-0.909,2.0,False,STOP_LOSS,False,4,4h Trend|RSI|Price vs MA|Volume,1h Trend|MACD Momentum,65.20244628642196,17.393955468597596,17.731597047342227,NEUTRAL,BULLISH,4122.039369029332,8166.0,25.22325506539687,101.3101
GOLD,LONG,2025-11-26T12:00:00+00:00,2025-11-26T13:00:00+00:00,4189.8999,2025-12-12T09:00:00+00:00,4344.2743,4112.7127,4344.2743,0.013125,1.0131,2.0262,2.0,380.0,True,TAKE_PROFIT,False,4,4h Trend|RSI|Price vs MA|Volume,1h Trend|MACD Momentum,55.40982156839032,15.498465915035922,16.69969634872586,NEUTRAL,BULLISH,4181.924732757278,11146.0,51.45811725625946,103.3363
GOLD,LONG,2025-12-15T13:00:00+00:00,2025-12-15T14:00:00+00:00,4365.7002,2025-12-15T15:00:00+00:00,4331.8191,4331.8191,4433.4623,0.02367,1.0334,-0.802,-0.776,1.0,False,STOP_LOSS,False,4,4h Trend|RSI|Price vs MA|Volume,1h Trend|MACD Momentum,56.90371726486119,14.05378312047469,14.861693084560624,NEUTRAL,BULLISH,4360.373892389557,13370.0,22.587374786812678,102.5344
GOLD,LONG,2025-12-18T16:00:00+00:00,2025-12-18T17:00:00+00:00,4394.6001,2025-12-18T17:00:00+00:00,4366.4482,4366.4482,4450.9039,0.023332,1.0253,-0.6568,-0.641,0.0,False,STOP_LOSS,False,6,4h Trend|1h Trend|RSI|MACD Momentum|Price vs MA|Volume,,68.68150313158627,4.081427860229269,2.335960257649892,BULLISH,BULLISH,4364.6371662159145,43425.0,18.767917956628267,101.8775
GOLD,LONG,2025-12-22T00:00:00+00:00,2025-12-22T01:00:00+00:00,4396.6001,2025-12-22T05:00:00+00:00,4434.2197,4377.7903,4434.2197,0.023172,1.0188,0.8717,0.856,4.0,True,TAKE_PROFIT,False,6,4h Trend|1h Trend|RSI|MACD Momentum|Price vs MA|Volume,,66.56493454390225,7.646926930367954,4.863864859204512,BULLISH,BULLISH,4373.223090807461,6699.0,12.539855442208413,102.7493
GOLD,LONG,2025-12-22T12:00:00+00:00,2025-12-22T13:00:00+00:00,4449.5,2025-12-22T21:00:00+00:00,4482.5803,4432.9598,4482.5803,0.023092,1.0275,0.7639,0.743,8.0,True,TAKE_PROFIT,False,6,4h Trend|1h Trend|RSI|MACD Momentum|Price vs MA|Volume,,74.62251150998752,21.00997706758244,19.05090359943452,BULLISH,BULLISH,4419.930351288921,6677.0,11.026774762847994,103.5132
GOLD,LONG,2025-12-23T00:00:00+00:00,2025-12-23T01:00:00+00:00,4504.5,2025-12-23T14:00:00+00:00,4486.2437,4486.2437,4541.0126,0.02298,1.0351,-0.4195,-0.405,13.0,False,STOP_LOSS,False,6,4h Trend|1h Trend|RSI|MACD Momentum|Price vs MA|Volume,,83.65803103373108,23.796121135185786,22.227149114810334,BULLISH,BULLISH,4458.767388481194,6277.0,12.170862250585632,103.0936
GOLD,LONG,2025-12-23T16:00:00+00:00,2025-12-23T17:00:00+00:00,4501.6001,2025-12-26T13:00:00+00:00,4558.3682,4473.2161,4558.3682,0.022902,1.0309,1.3001,1.261,68.0,True,TAKE_PROFIT,False,4,4h Trend|RSI|Price vs MA|Volume,1h Trend|MACD Momentum,54.70057113646601,11.563126376034234,18.018052600000566,NEUTRAL,BULLISH,4497.879409473846,17650.0,18.922688073063817,104.3937
GOLD,LONG,2025-12-26T15:00:00+00:00,2025-12-26T16:00:00+00:00,4580.2998,2025-12-26T17:00:00+00:00,4550.8818,4550.8818,4639.1357,0.022792,1.0439,-0.6705,-0.642,1.0,False,STOP_LOSS,False,6,4h Trend|1h Trend|RSI|MACD Momentum|Price vs MA|Volume,,67.95506083123047,14.40159215130825,11.017528212358737,BULLISH,BULLISH,4536.542694049943,20035.0,19.611979714556522,103.7232
GOLD,LONG,2025-12-26T20:00:00+00:00,2025-12-26T21:00:00+00:00,4560.6001,2025-12-29T00:00:00+00:00,4532.2711,4532.2711,4617.2581,0.022743,1.0372,-0.6443,-0.621,51.0,False,STOP_LOSS,False,6,4h Trend|1h Trend|RSI|MACD Momentum|Price vs MA|Volume,,57.73419498277055,13.210479847207353,12.991847571449341,BULLISH,BULLISH,4545.679035215192,7323.0,18.8860135609267,103.0789
GOLD,SHORT,2025-12-31T02:00:00+00:00,2025-12-31T03:00:00+00:00,4361.7998,2025-12-31T05:00:00+00:00,4293.205,4396.0972,4293.205,0.023632,1.0308,1.621,1.573,2.0,True,TAKE_PROFIT,False,4,4h Trend|RSI|Price vs MA|Volume,1h Trend|MACD Momentum,41.783575618374094,-13.05464466891408,-13.509572141005169,NEUTRAL,BEARISH,4376.206269917499,7052.0,22.864942390223145,104.7
GOLD,SHORT,2025-12-31T09:00:00+00:00,2025-12-31T10:00:00+00:00,4338.7002,2026-01-02T05:00:00+00:00,4386.0,4383.0145,4250.0715,0.023627,1.047,-1.1175,-1.067,43.0,False,STOP_LOSS,False,6,4h Trend|1h Trend|RSI|MACD Momentum|Price vs MA|Volume,,43.77899680721409,-17.695306572942172,-16.446648012451927,BEARISH,BEARISH,4354.755809480051,6495.0,29.542897950877823,103.5824
GOLD,LONG,2026-01-06T01:00:00+00:00,2026-01-06T02:00:00+00:00,4460.1001,2026-01-06T23:00:00+00:00,4511.7137,4434.2933,4511.7137,0.023224,1.0358,1.1987,1.157,21.0,True,TAKE_PROFIT,False,4,4h Trend|RSI|Price vs MA|Volume,1h Trend|MACD Momentum,62.66045166066731,16.666526492081175,18.376015173594972,NEUTRAL,BULLISH,4439.783436007979,5879.0,17.204540419212073,104.7811
GOLD,LONG,2026-01-07T02:00:00+00:00,2026-01-07T03:00:00+00:00,4486.0,2026-01-07T05:00:00+00:00,4460.9711,4460.9711,4536.0577,0.023357,1.0478,-0.5846,-0.558,2.0,False,STOP_LOSS,False,4,4h Trend|RSI|Price vs MA|Volume,1h Trend|MACD Momentum,53.14480765086964,11.213475722475778,14.06255507931464,NEUTRAL,BULLISH,4485.394744325688,6215.0,16.685906985399967,104.1965
GOLD,LONG,2026-01-07T16:00:00+00:00,2026-01-07T17:00:00+00:00,4474.1001,2026-01-08T02:00:00+00:00,4444.2904,4444.2904,4533.7196,0.023289,1.042,-0.6942,-0.666,9.0,False,STOP_LOSS,False,4,4h Trend|RSI|Price vs MA|Volume,1h Trend|MACD Momentum,51.751762907249535,-3.4007764913449137,-1.2296097981885727,NEUTRAL,BULLISH,4470.179872932335,16457.0,19.87315871976743,103.5023
GOLD,LONG,2026-01-09T13:00:00+00:00,2026-01-09T14:00:00+00:00,4492.2002,2026-01-11T23:00:00+00:00,4538.1001,4469.5864,4537.4278,0.02304,1.035,1.0576,1.022,57.0,True,TAKE_PROFIT,False,6,4h Trend|1h Trend|RSI|MACD Momentum|Price vs MA|Volume,,61.45472186527563,6.222232658570647,5.825716104610176,BULLISH,BULLISH,4475.635264923174,18200.0,15.075874547562098,104.5598
GOLD,LONG,2026-01-12T12:00:00+00:00,2026-01-12T13:00:00+00:00,4600.3999,2026-01-14T12:00:00+00:00,4648.0744,4576.5627,4648.0744,0.022728,1.0456,1.0836,1.036,47.0,True,TAKE_PROFIT,False,6,4h Trend|1h Trend|RSI|MACD Momentum|Price vs MA|Volume,,67.59004497827621,28.50021885165461,28.49419811577848,BULLISH,BULLISH,4569.620663835429,7086.0,15.89149702769875,105.6434
GOLD,LONG,2026-01-20T05:00:00+00:00,2026-01-20T06:00:00+00:00,4720.7002,2026-01-21T01:00:00+00:00,4814.0081,4674.0462,4814.0081,0.022379,1.0564,2.0881,1.977,19.0,True,TAKE_PROFIT,False,6,4h Trend|1h Trend|RSI|MACD Momentum|Price vs MA|Volume,,74.91190740409678,9.718981432909459,-1.0736063808404093,BULLISH,BULLISH,4617.106883709656,15150.0,31.102635002352542,107.7315
GOLD,LONG,2026-01-21T05:00:00+00:00,2026-01-21T06:00:00+00:00,4872.6001,2026-01-21T07:00:00+00:00,4836.3576,4836.3576,4945.0851,0.02211,1.0773,-0.8013,-0.744,1.0,False,STOP_LOSS,False,6,4h Trend|1h Trend|RSI|MACD Momentum|Price vs MA|Volume,,88.43051228579372,49.40062084341844,42.331426420554756,BULLISH,BULLISH,4782.778111658148,9511.0,24.161679379727698,106.9302
GOLD,LONG,2026-01-21T11:00:00+00:00,2026-01-21T12:00:00+00:00,4869.2998,2026-01-21T15:00:00+00:00,4836.2884,4836.2884,4935.3227,0.02196,1.0693,-0.7249,-0.678,3.0,False,STOP_LOSS,False,4,4h Trend|RSI|Price vs MA|Volume,1h Trend|MACD Momentum,79.32598776081328,44.137179264500446,45.00880868477941,NEUTRAL,BULLISH,4818.129786806045,9609.0,22.00763386426856,106.2053
GOLD,LONG,2026-01-21T18:00:00+00:00,2026-01-21T19:00:00+00:00,4853.1001,2026-01-21T19:00:00+00:00,4807.7176,4807.7176,4943.8652,0.021884,1.0621,-0.9932,-0.935,0.0,False,STOP_LOSS,False,4,4h Trend|RSI|Price vs MA|Volume,1h Trend|MACD Momentum,61.742256300378905,26.50447903559416,35.285202853861705,NEUTRAL,BULLISH,4834.667246956122,15720.0,30.255027211029464,105.2121
GOLD,LONG,2026-01-22T09:00:00+00:00,2026-01-22T10:00:00+00:00,4824.7998,2026-01-22T17:00:00+00:00,4897.7588,4788.3203,4897.7588,0.021807,1.0521,1.591,1.512,7.0,True,TAKE_PROFIT,False,4,4h Trend|RSI|Price vs MA|Volume,1h Trend|MACD Momentum,52.525875063718026,3.94298494580471,4.838967443915618,NEUTRAL,BULLISH,4819.600913193218,13123.0,24.31965010745297,106.8031
GOLD,LONG,2026-01-23T01:00:00+00:00,2026-01-23T02:00:00+00:00,4956.0,2026-01-23T08:00:00+00:00,4918.2074,4918.2074,5031.5851,0.02155,1.068,-0.8144,-0.763,6.0,False,STOP_LOSS,False,6,4h Trend|1h Trend|RSI|MACD Momentum|Price vs MA|Volume,,73.6770398078516,36.69181103699066,26.57194554717797,BULLISH,BULLISH,4892.241055776182,11674.0,25.195034226491874,105.9887
GOLD,LONG,2026-01-23T12:00:00+00:00,2026-01-23T13:00:00+00:00,4940.2002,2026-01-25T23:00:00+00:00,5023.7998,4906.9711,5006.6585,0.021454,1.0599,1.7936,1.692,58.0,True,TAKE_PROFIT,False,4,4h Trend|RSI|Price vs MA|Volume,1h Trend|MACD Momentum,59.56031732813373,19.603232174154982,25.86511124345387,NEUTRAL,BULLISH,4922.938114194817,7730.0,22.15276348327974,107.7822
GOLD,LONG,2026-01-26T05:00:00+00:00,2026-01-26T06:00:00+00:00,5071.7998,2026-01-26T19:00:00+00:00,5031.6475,5031.6475,5152.1044,0.021251,1.0778,-0.8533,-0.792,13.0,False,STOP_LOSS,False,6,4h Trend|1h Trend|RSI|MACD Momentum|Price vs MA|Volume,,76.66737187173815,41.6173235795095,34.66122139237056,BULLISH,BULLISH,5008.733543037393,12596.0,26.768204831459645,106.9289
GOLD,LONG,2026-01-28T08:00:00+00:00,2026-01-28T09:00:00+00:00,5326.7998,2026-01-28T11:00:00+00:00,5277.6404,5277.6404,5425.1186,0.020074,1.0693,-0.9868,-0.923,2.0,False,STOP_LOSS,False,6,4h Trend|1h Trend|RSI|MACD Momentum|Price vs MA|Volume,,84.54370565830847,57.50044561080995,43.14912192769547,BULLISH,BULLISH,5192.437636386742,80993.0,32.772930638341435,105.9421
GOLD,LONG,2026-01-29T00:00:00+00:00,2026-01-29T01:00:00+00:00,5548.8999,2026-01-29T15:00:00+00:00,5452.5224,5452.5224,5741.655,0.010992,1.0594,-1.0594,-1.0,14.0,False,STOP_LOSS,False,6,4h Trend|1h Trend|RSI|MACD Momentum|Price vs MA|Volume,,86.52872520095092,81.70678580669392,63.80136318121002,BULLISH,BULLISH,5349.3438740275615,19633.0,64.25169979399772,104.8827
GOLD,SHORT,2026-02-02T13:00:00+00:00,2026-02-02T14:00:00+00:00,4729.6001,2026-02-03T06:00:00+00:00,4904.7084,4904.7084,4379.3835,0.00599,1.0488,-1.0488,-1.0,16.0,False,STOP_LOSS,False,4,4h Trend|RSI|Price vs MA|Volume,1h Trend|MACD Momentum,42.28307727813062,-95.14150557026915,-123.99860245605893,NEUTRAL,BEARISH,4792.258559429304,28219.0,116.7388571091927,103.8339
GOLD,SHORT,2026-02-05T12:00:00+00:00,2026-02-05T13:00:00+00:00,4876.1001,2026-02-06T00:00:00+00:00,4706.0344,4961.133,4706.0344,0.012211,1.0383,2.0767,2.0,11.0,True,TAKE_PROFIT,False,6,4h Trend|1h Trend|RSI|MACD Momentum|Price vs MA|Volume,,40.565909421290606,-27.41739027054973,-21.545900747536763,BEARISH,BEARISH,4932.022273285002,12916.0,56.68857898383067,105.9106
GOLD,LONG,2026-02-09T13:00:00+00:00,2026-02-09T14:00:00+00:00,5028.3999,2026-02-11T10:00:00+00:00,5125.999,4979.6004,5125.999,0.021062,1.0591,2.0557,1.941,44.0,True,TAKE_PROFIT,False,4,4h Trend|RSI|Price vs MA|Volume,1h Trend|MACD Momentum,56.60727706723089,26.162170419312133,31.200727315807,NEUTRAL,BULLISH,5011.603331633807,6500.0,32.53302094243006,107.9662
GOLD,LONG,2026-02-11T15:00:00+00:00,2026-02-11T16:00:00+00:00,5083.1001,2026-02-12T16:00:00+00:00,5022.9782,5022.9782,5203.3438,0.017958,1.0797,-1.0797,-1.0,24.0,False,STOP_LOSS,False,4,4h Trend|RSI|Price vs MA|Volume,1h Trend|MACD Momentum,51.86048554382899,10.430081719769987,10.935366081363648,NEUTRAL,BULLISH,5083.580708359025,10824.0,40.08123410783889,106.8866
GOLD,SHORT,2026-02-17T10:00:00+00:00,2026-02-17T11:00:00+00:00,4932.5,2026-02-18T13:00:00+00:00,4981.243,4981.243,4835.014,0.02167,1.0689,-1.0563,-0.988,26.0,False,STOP_LOSS,False,6,4h Trend|1h Trend|RSI|MACD Momentum|Price vs MA|Volume,,36.59446799068327,-21.58886922713191,-12.043587066525728,BEARISH,BEARISH,4980.709578608357,4390.0,32.49533405297571,105.8303
GOLD,LONG,2026-02-20T08:00:00+00:00,2026-02-20T09:00:00+00:00,5048.5,2026-02-20T15:00:00+00:00,5018.4975,5018.4975,5108.505,0.020963,1.0583,-0.6289,-0.594,6.0,False,STOP_LOSS,False,6,4h Trend|1h Trend|RSI|MACD Momentum|Price vs MA|Volume,,61.58948519703166,8.827897207536807,7.121017642119098,BULLISH,BULLISH,5019.749971774907,4073.0,20.001682460271866,105.2014
GOLD,LONG,2026-02-22T23:00:00+00:00,2026-02-23T00:00:00+00:00,5187.0,2026-02-24T13:00:00+00:00,5127.3463,5127.3463,5306.3074,0.017635,1.052,-1.052,-1.0,37.0,False,STOP_LOSS,False,6,4h Trend|1h Trend|RSI|MACD Momentum|Price vs MA|Volume,,73.83850659945892,29.296703194511792,20.86009386197777,BULLISH,BULLISH,5076.2724971073785,5616.0,39.769117154274525,104.1494
GOLD,LONG,2026-02-27T18:00:00+00:00,2026-02-27T19:00:00+00:00,5262.7998,2026-03-01T23:00:00+00:00,5364.2002,5227.8544,5332.6906,0.01979,1.0415,2.0067,1.927,52.0,True,TAKE_PROFIT,False,6,4h Trend|1h Trend|RSI|MACD Momentum|Price vs MA|Volume,,68.28941757537746,14.305676976621726,7.93052625986759,BULLISH,BULLISH,5222.937189256755,8215.0,23.29693061336537,106.1561
GOLD,LONG,2026-03-02T06:00:00+00:00,2026-03-02T07:00:00+00:00,5401.7002,2026-03-02T14:00:00+00:00,5349.0806,5349.0806,5506.9394,0.019652,1.0616,-1.0341,-0.974,7.0,False,STOP_LOSS,False,6,4h Trend|1h Trend|RSI|MACD Momentum|Price vs MA|Volume,,70.25133179354869,46.47627664636457,36.55461082643015,BULLISH,BULLISH,5311.647319460798,6073.0,35.07974000058457,105.122
GOLD,LONG,2026-03-03T01:00:00+00:00,2026-03-03T02:00:00+00:00,5353.7002,2026-03-03T06:00:00+00:00,5305.4338,5305.4338,5450.2329,0.019635,1.0512,-0.9477,-0.902,4.0,False,STOP_LOSS,False,4,4h Trend|RSI|Price vs MA|Volume,1h Trend|MACD Momentum,52.857971562499266,9.758434102614956,15.688250958554203,NEUTRAL,BULLISH,5348.867017749914,6470.0,32.177580456699395,104.1742
GOLD,SHORT,2026-03-05T16:00:00+00:00,2026-03-05T17:00:00+00:00,5086.6001,2026-03-06T01:00:00+00:00,5144.6604,5144.6604,4970.4794,0.017942,1.0417,-1.0417,-1.0,8.0,False,STOP_LOSS,False,6,4h Trend|1h Trend|RSI|MACD Momentum|Price vs MA|Volume,,28.716334596234915,-16.436277165624233,-8.014081044095594,BEARISH,BEARISH,5151.793346499319,9934.0,38.706890385235255,103.1325
GOLD,SHORT,2026-03-09T00:00:00+00:00,2026-03-09T01:00:00+00:00,5056.7002,2026-03-09T05:00:00+00:00,5121.0796,5121.0796,4927.9414,0.016019,1.0313,-1.0313,-1.0,4.0,False,STOP_LOSS,False,6,4h Trend|1h Trend|RSI|MACD Momentum|Price vs MA|Volume,,31.986523044119878,-3.963584002130119,1.625178892915693,BEARISH,BEARISH,5125.047481514678,8311.0,42.91961057037785,102.1012
GOLD,LONG,2026-03-12T12:00:00+00:00,2026-03-12T13:00:00+00:00,5187.5,2026-03-12T13:00:00+00:00,5158.4621,5158.4621,5245.5758,0.019682,1.021,-0.5715,-0.56,0.0,False,STOP_LOSS,False,6,4h Trend|1h Trend|RSI|MACD Momentum|Price vs MA|Volume,,53.43346268801434,0.3899232567764557,-3.3394655790977232,BULLISH,BULLISH,5178.679023056884,7942.0,19.35860965848751,101.5296
GOLD,SHORT,2026-03-13T01:00:00+00:00,2026-03-13T02:00:00+00:00,5127.8999,2026-03-13T14:00:00+00:00,5061.8193,5160.9402,5061.8193,0.019799,1.0153,1.3084,1.289,12.0,True,TAKE_PROFIT,False,6,4h Trend|1h Trend|RSI|MACD Momentum|Price vs MA|Volume,,45.545970091956015,-18.625993122049294,-17.114161602448668,BEARISH,BEARISH,5133.248103032805,7335.0,22.02687290230504,102.838
GOLD,SHORT,2026-03-13T19:00:00+00:00,2026-03-13T20:00:00+00:00,5022.2998,2026-03-18T11:00:00+00:00,4935.1511,5065.8742,4935.1511,0.020476,1.0284,1.7845,1.735,111.0,True,TAKE_PROFIT,False,6,4h Trend|1h Trend|RSI|MACD Momentum|Price vs MA|Volume,,27.96293113995698,-24.655176269076946,-19.674855108453794,BEARISH,BEARISH,5081.563655951067,8977.0,29.049578112207552,104.6225
GOLD,SHORT,2026-03-19T06:00:00+00:00,2026-03-19T07:00:00+00:00,4765.2998,2026-03-19T11:00:00+00:00,4663.8481,4816.0257,4663.8481,0.020625,1.0462,2.0924,2.0,4.0,True,TAKE_PROFIT,False,6,4h Trend|1h Trend|RSI|MACD Momentum|Price vs MA|Volume,,20.524668347762514,-39.90828746704483,-37.61577941607983,BEARISH,BEARISH,4866.996636745424,14291.0,33.817245264008136,106.7149
GOLD,SHORT,2026-03-19T19:00:00+00:00,2026-03-19T20:00:00+00:00,4647.5,2026-03-20T03:00:00+00:00,4730.0202,4730.0202,4482.4596,0.012932,1.0671,-1.0671,-1.0,7.0,False,STOP_LOSS,False,4,4h Trend|RSI|Price vs MA|Volume,1h Trend|MACD Momentum,34.927211012903626,-72.98141346053126,-74.20967136675198,NEUTRAL,BEARISH,4696.5527154922465,14104.0,55.01348225816999,105.6478
GOLD,SHORT,2026-03-20T10:00:00+00:00,2026-03-20T11:00:00+00:00,4645.7998,2026-03-20T18:00:00+00:00,4527.4068,4704.9963,4527.4068,0.017847,1.0565,2.113,2.0,7.0,True,TAKE_PROFIT,False,4,4h Trend|RSI|Price vs MA|Volume,1h Trend|MACD Momentum,40.29603555760207,-18.40241221530323,-26.477357188465756,NEUTRAL,BEARISH,4683.957354886771,10086.0,39.4643418148392,107.7607
GOLD,SHORT,2026-03-23T00:00:00+00:00,2026-03-23T01:00:00+00:00,4357.7002,2026-03-23T07:00:00+00:00,4151.9948,4460.5529,4151.9948,0.010477,1.0776,2.1552,2.0,6.0,True,TAKE_PROFIT,False,6,4h Trend|1h Trend|RSI|MACD Momentum|Price vs MA|Volume,,19.887763799825308,-67.95712493158408,-48.865140952216535,BEARISH,BEARISH,4560.643044372233,23933.0,68.56847176645115,109.9159
GOLD,SHORT,2026-03-23T11:00:00+00:00,2026-03-23T12:00:00+00:00,4380.1001,2026-03-24T23:00:00+00:00,4521.0135,4521.0135,4098.2733,0.0078,1.0992,-1.0992,-1.0,35.0,False,STOP_LOSS,False,4,4h Trend|RSI|Price vs MA|Volume,1h Trend|MACD Momentum,44.72078988501703,-90.74032925940446,-92.60384937848787,NEUTRAL,BEARISH,4386.355533917631,33188.0,93.94225550690508,108.8168
GOLD,SHORT,2026-03-26T20:00:00+00:00,2026-03-26T22:00:00+00:00,4371.7998,2026-03-27T03:00:00+00:00,4435.5884,4435.5884,4244.2226,0.017059,1.0882,-1.0882,-1.0,5.0,False,STOP_LOSS,False,6,4h Trend|1h Trend|RSI|MACD Momentum|Price vs MA|Volume,,36.757829362934345,-32.965477519709566,-26.318773571377285,BEARISH,BEARISH,4431.645866532157,11897.0,42.52574385043804,107.7286
GOLD,LONG,2026-04-01T05:00:00+00:00,2026-04-01T06:00:00+00:00,4710.7998,2026-04-01T14:00:00+00:00,4792.0512,4670.1741,4792.0512,0.022868,1.0773,1.8581,1.725,8.0,True,TAKE_PROFIT,False,4,4h Trend|RSI|Price vs MA|Volume,1h Trend|MACD Momentum,63.84999913474347,34.37605591411466,36.03023401989016,NEUTRAL,BULLISH,4678.375985676597,5342.0,27.083785094317697,109.5867
GOLD,LONG,2026-04-07T23:00:00+00:00,2026-04-08T00:00:00+00:00,4860.7002,2026-04-08T12:00:00+00:00,4796.9906,4796.9906,4988.1194,0.017201,1.0959,-1.0959,-1.0,12.0,False,STOP_LOSS,False,6,4h Trend|1h Trend|RSI|MACD Momentum|Price vs MA|Volume,,77.72650223818803,27.860726791942398,8.825698190245774,BULLISH,BULLISH,4720.80709917192,11790.0,42.47307988923562,108.4908
GOLD,LONG,2026-04-09T16:00:00+00:00,2026-04-09T17:00:00+00:00,4813.5,2026-04-10T00:00:00+00:00,4775.8463,4775.8463,4888.8073,0.022539,1.0849,-0.8487,-0.782,7.0,False,STOP_LOSS,False,6,4h Trend|1h Trend|RSI|MACD Momentum|Price vs MA|Volume,,63.758368407622534,9.725610751785098,1.5355991761090007,BULLISH,BULLISH,4774.099724419346,6507.0,25.102436245358554,107.6422
GOLD,LONG,2026-04-14T06:00:00+00:00,2026-04-14T07:00:00+00:00,4805.3999,2026-04-14T10:00:00+00:00,4778.9792,4778.9792,4858.2413,0.0224,1.0764,-0.5918,-0.55,3.0,False,STOP_LOSS,False,6,4h Trend|1h Trend|RSI|MACD Momentum|Price vs MA|Volume,,62.71879706938328,11.211300961515917,7.362796174690712,BULLISH,BULLISH,4776.173453494697,3622.0,17.61379714621315,107.0503
GOLD,LONG,2026-04-15T01:00:00+00:00,2026-04-15T02:00:00+00:00,4870.2998,2026-04-15T05:00:00+00:00,4839.694,4839.694,4931.5113,0.02198,1.0705,-0.6727,-0.628,3.0,False,STOP_LOSS,False,6,4h Trend|1h Trend|RSI|MACD Momentum|Price vs MA|Volume,,71.78202709504535,23.508731975059163,21.266179982968534,BULLISH,BULLISH,4834.987378659007,8495.0,20.403839026589885,106.3776
GOLD,LONG,2026-04-16T00:00:00+00:00,2026-04-16T01:00:00+00:00,4854.7002,2026-04-16T08:00:00+00:00,4828.8032,4828.8032,4906.4943,0.021912,1.0638,-0.5675,-0.533,7.0,False,STOP_LOSS,False,6,4h Trend|1h Trend|RSI|MACD Momentum|Price vs MA|Volume,,59.7435564695479,1.9364482181990752,1.3080161188839352,BULLISH,BULLISH,4832.901683069571,6260.0,17.264686868181297,105.8102
GOLD,LONG,2026-04-17T13:00:00+00:00,2026-04-17T14:00:00+00:00,4903.2998,2026-04-17T20:00:00+00:00,4864.0215,4864.0215,4981.8564,0.021579,1.0581,-0.8476,-0.801,6.0,False,STOP_LOSS,False,6,4h Trend|1h Trend|RSI|MACD Momentum|Price vs MA|Volume,,74.34996498040717,7.3720852535370796,-1.4089782574659218,BULLISH,BULLISH,4829.110020372449,30171.0,26.18554653295332,104.9626
GOLD,SHORT,2026-04-22T12:00:00+00:00,2026-04-22T13:00:00+00:00,4762.8999,2026-04-23T00:00:00+00:00,4715.283,4786.7083,4715.283,0.022038,1.0496,1.0494,1.0,11.0,True,TAKE_PROFIT,False,4,4h Trend|RSI|Price vs MA|Volume,1h Trend|MACD Momentum,44.07264532041802,-4.018817047738594,-6.574943270520509,NEUTRAL,BEARISH,4772.2221500919495,6246.0,15.872297153602565,106.0119
GOLD,SHORT,2026-04-23T01:00:00+00:00,2026-04-23T02:00:00+00:00,4738.8999,2026-04-24T04:00:00+00:00,4673.6902,4771.5048,4673.6902,0.022371,1.0601,1.4588,1.376,26.0,True,TAKE_PROFIT,False,6,4h Trend|1h Trend|RSI|MACD Momentum|Price vs MA|Volume,,40.78849849629461,-7.131772611701308,-6.644487926939027,BEARISH,BEARISH,4758.63785211838,5136.0,21.736568922996756,107.4707
GOLD,SHORT,2026-04-24T06:00:00+00:00,2026-04-24T07:00:00+00:00,4687.1001,2026-04-24T11:00:00+00:00,4717.2168,4717.2168,4626.8667,0.022929,1.0747,-0.6905,-0.643,4.0,False,STOP_LOSS,False,6,4h Trend|1h Trend|RSI|MACD Momentum|Price vs MA|Volume,,37.439514309511885,-13.375006232225132,-11.234453176248605,BEARISH,BEARISH,4712.621807551178,4071.0,20.077804207054854,106.7801
GOLD,SHORT,2026-04-27T16:00:00+00:00,2026-04-27T17:00:00+00:00,4691.3999,2026-04-28T00:00:00+00:00,4713.3798,4713.3798,4647.4402,0.022761,1.0678,-0.5003,-0.469,7.0,False,STOP_LOSS,False,6,4h Trend|1h Trend|RSI|MACD Momentum|Price vs MA|Volume,,37.73563004941697,-6.79506742992271,-2.4516911469461293,BEARISH,BEARISH,4713.3082102566905,3540.0,14.653242364147008,106.2799
GOLD,SHORT,2026-04-28T01:00:00+00:00,2026-04-28T02:00:00+00:00,4684.6001,2026-04-28T05:00:00+00:00,4645.6578,4704.0712,4645.6578,0.022687,1.0628,0.8835,0.831,3.0,True,TAKE_PROFIT,False,6,4h Trend|1h Trend|RSI|MACD Momentum|Price vs MA|Volume,,36.949819396215766,-6.645914165045724,-5.958455831317194,BEARISH,BEARISH,4705.022053453039,3590.0,12.980757466214381,107.1633
GOLD,SHORT,2026-04-29T01:00:00+00:00,2026-04-29T02:00:00+00:00,4598.5,2026-04-29T13:00:00+00:00,4549.4318,4623.0341,4549.4318,0.023304,1.0716,1.1435,1.067,11.0,True,TAKE_PROFIT,False,4,4h Trend|RSI|Price vs MA|Volume,1h Trend|MACD Momentum,34.42842154196627,-18.780897782347893,-22.047281514898536,NEUTRAL,BEARISH,4620.750131790211,4744.0,16.356072270665365,108.3068
GOLD,SHORT,2026-05-04T12:00:00+00:00,2026-05-04T13:00:00+00:00,4579.6001,2026-05-04T16:00:00+00:00,4516.3331,4611.2336,4516.3331,0.02365,1.0831,1.4963,1.381,3.0,True,TAKE_PROFIT,False,6,4h Trend|1h Trend|RSI|MACD Momentum|Price vs MA|Volume,,37.465762660124454,-11.520079327769963,-6.109684804266474,BEARISH,BEARISH,4602.362906892822,5534.0,21.08899955114919,109.8031
GOLD,SHORT,2026-05-04T19:00:00+00:00,2026-05-04T20:00:00+00:00,4527.5,2026-05-05T07:00:00+00:00,4562.99,4562.99,4456.5199,0.024252,1.098,-0.8607,-0.784,11.0,False,STOP_LOSS,False,6,4h Trend|1h Trend|RSI|MACD Momentum|Price vs MA|Volume,,28.789051503520938,-23.677098163110713,-17.26720463840455,BEARISH,BEARISH,4569.802244473704,4753.0,23.660022909354343,108.9424
GOLD,LONG,2026-05-07T06:00:00+00:00,2026-05-07T07:00:00+00:00,4747.7998,2026-05-07T15:00:00+00:00,4717.0532,4717.0532,4809.293,0.022946,1.0894,-0.7055,-0.648,8.0,False,STOP_LOSS,False,4,4h Trend|RSI|Price vs MA|Volume,1h Trend|MACD Momentum,70.93055485857862,19.490440669655072,20.988061023352532,NEUTRAL,BULLISH,4701.830123904754,7868.0,20.497740167616584,108.2369
GOLD,LONG,2026-05-08T12:00:00+00:00,2026-05-08T13:00:00+00:00,4733.3999,2026-05-10T22:00:00+00:00,4696.7998,4700.3428,4799.5142,0.022867,1.0824,-0.8369,-0.773,57.0,False,STOP_LOSS,False,4,4h Trend|RSI|Price vs MA|Volume,1h Trend|MACD Momentum,54.86860122315732,3.2899131019858032,3.3634790059834305,NEUTRAL,BULLISH,4725.16260626206,10610.0,22.03809518714576,107.3999
GOLD,LONG,2026-05-11T23:00:00+00:00,2026-05-12T00:00:00+00:00,4776.7002,2026-05-12T01:00:00+00:00,4747.6233,4747.6233,4834.854,0.022484,1.074,-0.6538,-0.609,1.0,False,STOP_LOSS,False,6,4h Trend|1h Trend|RSI|MACD Momentum|Price vs MA|Volume,,68.63997708522885,14.118117205975068,6.319504677212731,BULLISH,BULLISH,4727.478799818305,5329.0,19.384590358953893,106.7462
GOLD,SHORT,2026-05-15T01:00:00+00:00,2026-05-15T02:00:00+00:00,4617.8999,2026-05-15T09:00:00+00:00,4552.9657,4650.367,4552.9657,0.023116,1.0675,1.501,1.406,7.0,True,TAKE_PROFIT,False,6,4h Trend|1h Trend|RSI|MACD Momentum|Price vs MA|Volume,,26.311778701544966,-16.066571926414326,-9.441417646371042,BEARISH,BEARISH,4672.436918355631,7338.0,21.644729271856214,108.2472
GOLD,SHORT,2026-05-18T00:00:00+00:00,2026-05-18T01:00:00+00:00,4518.1001,2026-05-18T07:00:00+00:00,4559.6649,4559.6649,4434.9704,0.023959,1.0825,-0.9958,-0.92,6.0,False,STOP_LOSS,False,4,4h Trend|RSI|Price vs MA|Volume,1h Trend|MACD Momentum,31.68316211019979,-26.089637281422256,-27.677874165736732,NEUTRAL,BEARISH,4566.538367703476,9809.0,27.70989297886871,107.2513
GOLD,SHORT,2026-05-18T10:00:00+00:00,2026-05-18T11:00:00+00:00,4543.5,2026-05-18T12:00:00+00:00,4575.4643,4575.4643,4479.5713,0.023605,1.0725,-0.7545,-0.704,1.0,False,STOP_LOSS,False,4,4h Trend|RSI|Price vs MA|Volume,1h Trend|MACD Momentum,42.90529128352675,-13.342960800502624,-18.152749541955988,NEUTRAL,BEARISH,4552.739961872985,3986.0,21.30956134844608,106.4968
GOLD,SHORT,2026-05-18T14:00:00+00:00,2026-05-18T15:00:00+00:00,4551.0,2026-05-18T23:00:00+00:00,4590.2108,4590.2108,4472.5784,0.023401,1.065,-0.9176,-0.862,8.0,False,STOP_LOSS,False,4,4h Trend|RSI|Price vs MA|Volume,1h Trend|MACD Momentum,46.19372126796523,-5.817247044553369,-11.843068094467087,NEUTRAL,BEARISH,4556.749526986044,15134.0,26.140520926564808,105.5792
GOLD,SHORT,2026-05-19T13:00:00+00:00,2026-05-19T14:00:00+00:00,4506.6001,2026-05-20T15:00:00+00:00,4545.187,4545.187,4429.4263,0.023428,1.0558,-0.904,-0.856,25.0,False,STOP_LOSS,False,6,4h Trend|1h Trend|RSI|MACD Momentum|Price vs MA|Volume,,34.0488452458183,-8.051616823747281,-4.487824729006075,BEARISH,BEARISH,4546.9786946408,35176.0,25.724589834916866,104.6752
GOLD,SHORT,2026-05-27T10:00:00+00:00,2026-05-27T11:00:00+00:00,4476.2998,2026-05-28T03:00:00+00:00,4407.7244,4510.5875,4407.7244,0.023384,1.0468,1.6036,1.532,16.0,True,TAKE_PROFIT,False,6,4h Trend|1h Trend|RSI|MACD Momentum|Price vs MA|Volume,,39.908494131445195,-3.9043825429434946,-3.6180252566134254,BEARISH,BEARISH,4507.47578414618,19486.0,22.858456384755343,106.2788
GOLD,SHORT,2026-05-28T10:00:00+00:00,2026-05-28T11:00:00+00:00,4413.0,2026-05-28T12:00:00+00:00,4442.8059,4442.8059,4353.3883,0.024083,1.0628,-0.7178,-0.675,1.0,False,STOP_LOSS,False,6,4h Trend|1h Trend|RSI|MACD Momentum|Price vs MA|Volume,,35.349380766652246,-21.417945373124894,-19.386513202289528,BEARISH,BEARISH,4442.740354247707,5963.0,19.870567423499374,105.561
GOLD,SHORT,2026-06-01T15:00:00+00:00,2026-06-01T16:00:00+00:00,4504.7002,2026-06-02T04:00:00+00:00,4537.3676,4537.3676,4439.3653,0.023434,1.0556,-0.7655,-0.725,12.0,False,STOP_LOSS,False,6,4h Trend|1h Trend|RSI|MACD Momentum|Price vs MA|Volume,,38.98084217044271,-12.876540318928164,-5.861887412395587,BEARISH,BEARISH,4531.381645672928,9756.0,21.778295543572106,104.7955
GOLD,SHORT,2026-06-02T23:00:00+00:00,2026-06-03T00:00:00+00:00,4502.6001,2026-06-03T00:00:00+00:00,4523.7793,4523.7793,4460.2418,0.023274,1.048,-0.4929,-0.47,0.0,False,STOP_LOSS,False,6,4h Trend|1h Trend|RSI|MACD Momentum|Price vs MA|Volume,,35.15319427173658,-6.018555098230536,-2.004250730435991,BEARISH,BEARISH,4526.721651055783,5432.0,14.119448131504658,104.3026
GOLD,SHORT,2026-06-04T14:00:00+00:00,2026-06-04T15:00:00+00:00,4493.2002,2026-06-05T13:00:00+00:00,4422.6733,4528.4636,4422.6733,0.023213,1.043,1.6372,1.57,22.0,True,TAKE_PROFIT,False,4,4h Trend|RSI|Price vs MA|Volume,1h Trend|MACD Momentum,47.83724243236778,5.981087575163656,2.8605237859427213,NEUTRAL,BEARISH,4500.638476659773,15279.0,23.508955733730044,105.9397
GOLD,SHORT,2026-06-08T01:00:00+00:00,2026-06-08T02:00:00+00:00,4350.2002,2026-06-09T16:00:00+00:00,4268.7504,4390.9251,4268.7504,0.024353,1.0594,1.9835,1.872,38.0,True,TAKE_PROFIT,False,6,4h Trend|1h Trend|RSI|MACD Momentum|Price vs MA|Volume,,32.74492979280946,-35.248817265043726,-32.372685992194484,BEARISH,BEARISH,4397.601973512199,8305.0,27.14991743254627,107.9233
GOLD,SHORT,2026-06-09T19:00:00+00:00,2026-06-09T20:00:00+00:00,4282.7998,2026-06-10T01:00:00+00:00,4209.1903,4319.6045,4209.1903,0.025199,1.0792,1.8549,1.719,5.0,True,TAKE_PROFIT,False,6,4h Trend|1h Trend|RSI|MACD Momentum|Price vs MA|Volume,,30.488757890452547,-18.634541386119963,-11.229697767825483,BEARISH,BEARISH,4327.823384292898,4787.0,24.536485597416647,109.7782
GOLD,SHORT,2026-06-10T06:00:00+00:00,2026-06-10T07:00:00+00:00,4226.7002,2026-06-10T12:00:00+00:00,4153.3628,4263.3689,4153.3628,0.025973,1.0978,1.9048,1.735,5.0,True,TAKE_PROFIT,False,6,4h Trend|1h Trend|RSI|MACD Momentum|Price vs MA|Volume,,34.04481358945027,-35.757900346058705,-31.786459785576795,BEARISH,BEARISH,4263.193895342388,5390.0,24.445801939618033,111.6829
GOLD,SHORT,2026-06-10T19:00:00+00:00,2026-06-10T20:00:00+00:00,4106.0,2026-06-11T17:00:00+00:00,4151.4493,4151.4493,4015.1014,0.024573,1.1168,-1.1168,-1.0,21.0,False,STOP_LOSS,False,6,4h Trend|1h Trend|RSI|MACD Momentum|Price vs MA|Volume,,24.577811791468008,-42.644140892974974,-38.99896809648106,BEARISH,BEARISH,4183.77036993456,8585.0,30.29952188606699,110.5661
GOLD,LONG,2026-06-17T12:00:00+00:00,2026-06-17T13:00:00+00:00,4353.3999,2026-06-17T17:00:00+00:00,4390.7698,4334.7149,4390.7698,0.025398,1.1057,0.9491,0.858,4.0,True,TAKE_PROFIT,False,4,4h Trend|RSI|Price vs MA|Volume,1h Trend|MACD Momentum,52.40113227850342,-0.28177661016252387,0.695373860757152,NEUTRAL,BULLISH,4350.46327504197,4742.0,12.456641384992514,111.5152
GOLD,SHORT,2026-06-18T11:00:00+00:00,2026-06-18T12:00:00+00:00,4260.5,2026-06-18T13:00:00+00:00,4293.0719,4293.0719,4195.3563,0.026174,1.1152,-0.8525,-0.765,1.0,False,STOP_LOSS,False,6,4h Trend|1h Trend|RSI|MACD Momentum|Price vs MA|Volume,,33.38241247288465,-16.44828114830034,-10.765234273102536,BEARISH,BEARISH,4311.808665617962,7379.0,21.714576676802032,110.6627
GOLD,SHORT,2026-06-18T19:00:00+00:00,2026-06-18T20:00:00+00:00,4236.2002,2026-06-19T03:00:00+00:00,4172.0491,4268.2757,4172.0491,0.026123,1.1066,1.6758,1.514,7.0,True,TAKE_PROFIT,False,6,4h Trend|1h Trend|RSI|MACD Momentum|Price vs MA|Volume,,32.80954976335792,-24.69297596969136,-20.50131708974426,BEARISH,BEARISH,4277.555430444887,6025.0,21.38368341538644,112.3385
GOLD,SHORT,2026-06-21T23:00:00+00:00,2026-06-22T00:00:00+00:00,4157.2998,2026-06-22T00:00:00+00:00,4188.9665,4188.9665,4093.9663,0.027022,1.1234,-0.8557,-0.762,0.0,False,STOP_LOSS,False,6,4h Trend|1h Trend|RSI|MACD Momentum|Price vs MA|Volume,,21.335438441748565,-35.94414674152813,-30.423876058881593,BEARISH,BEARISH,4225.563122241996,3971.0,21.11115234965385,111.4828
GOLD,SHORT,2026-06-22T06:00:00+00:00,2026-06-22T07:00:00+00:00,4216.0,2026-06-23T23:00:00+00:00,4106.2604,4270.8698,4106.2604,0.020318,1.1148,2.2297,2.0,40.0,True,TAKE_PROFIT,False,4,4h Trend|RSI|Price vs MA|Volume,1h Trend|MACD Momentum,46.464687388679735,-19.800822096957745,-25.676517052816628,NEUTRAL,BEARISH,4216.12389965977,3678.0,36.579860344800466,113.7124
GOLD,SHORT,2026-06-24T01:00:00+00:00,2026-06-24T02:00:00+00:00,4106.3999,2026-06-24T12:00:00+00:00,4044.5262,4137.3367,4044.5262,0.027692,1.1371,1.7134,1.507,10.0,True,TAKE_PROFIT,False,6,4h Trend|1h Trend|RSI|MACD Momentum|Price vs MA|Volume,,32.02564706592783,-17.008872821464138,-16.066158625517662,BEARISH,BEARISH,4137.994815869433,6255.0,20.62455990999025,115.4258
GOLD,SHORT,2026-06-25T02:00:00+00:00,2026-06-25T03:00:00+00:00,3998.8,2026-06-25T13:00:00+00:00,4042.8248,4042.8248,3910.7505,0.026218,1.1543,-1.1543,-1.0,10.0,False,STOP_LOSS,False,4,4h Trend|RSI|Price vs MA|Volume,1h Trend|MACD Momentum,36.69830890551925,-28.941211921932336,-30.02781027374182,NEUTRAL,BEARISH,4032.4914620262966,5946.0,29.3498549256573,114.2716
GOLD,SHORT,2026-06-30T01:00:00+00:00,2026-06-30T02:00:00+00:00,3982.3999,2026-06-30T06:00:00+00:00,4014.2954,4014.2954,3918.6089,0.028694,1.1427,-0.9152,-0.801,4.0,False,STOP_LOSS,False,6,4h Trend|1h Trend|RSI|MACD Momentum|Price vs MA|Volume,,22.20979788495444,-15.413291667640806,-9.877985859862974,BEARISH,BEARISH,4035.608096195305,13862.0,21.263680925889677,113.3564
GOLD,SHORT,2026-07-01T01:00:00+00:00,2026-07-01T02:00:00+00:00,3990.3999,2026-07-01T11:00:00+00:00,4016.4507,4016.4507,3938.2984,0.028407,1.1336,-0.74,-0.653,9.0,False,STOP_LOSS,False,6,4h Trend|1h Trend|RSI|MACD Momentum|Price vs MA|Volume,,35.5527523991113,-6.039529603026949,-2.2342934318919614,BEARISH,BEARISH,4026.3267116732463,5490.0,17.367172441882875,112.6163
GOLD,LONG,2026-07-06T01:00:00+00:00,2026-07-06T02:00:00+00:00,4198.5,2026-07-06T05:00:00+00:00,4165.5394,4165.5394,4264.4211,0.026823,1.1262,-0.8841,-0.785,3.0,False,STOP_LOSS,False,6,4h Trend|1h Trend|RSI|MACD Momentum|Price vs MA|Volume,,71.46063264948332,30.35065788592965,27.939299569555356,BULLISH,BULLISH,4156.8308657613625,4427.0,21.97370385275116,111.7322
GOLD,SHORT,2026-07-08T16:00:00+00:00,2026-07-08T17:00:00+00:00,4073.8999,2026-07-09T06:00:00+00:00,4112.4438,4112.4438,3996.8121,0.027426,1.1173,-1.0571,-0.946,13.0,False,STOP_LOSS,False,6,4h Trend|1h Trend|RSI|MACD Momentum|Price vs MA|Volume,,41.04941610693767,-21.777324604471687,-18.323685063898726,BEARISH,BEARISH,4094.0066171877093,9762.0,25.695924489970512,110.6751
GOLD,LONG,2026-07-10T01:00:00+00:00,2026-07-10T02:00:00+00:00,4126.7002,2026-07-10T08:00:00+00:00,4106.9696,4106.9696,4166.1615,0.026819,1.1068,-0.5292,-0.478,6.0,False,STOP_LOSS,False,4,4h Trend|RSI|Price vs MA|Volume,1h Trend|MACD Momentum,54.35511146472244,8.662584799298202,9.050190600733476,NEUTRAL,BULLISH,4123.931181455934,4104.0,13.153753693025722,110.1459
GOLD,SHORT,2026-07-13T00:00:00+00:00,2026-07-13T01:00:00+00:00,4082.8999,2026-07-13T14:00:00+00:00,4025.7393,4111.4802,4025.7393,0.026977,1.1015,1.542,1.4,13.0,True,TAKE_PROFIT,False,6,4h Trend|1h Trend|RSI|MACD Momentum|Price vs MA|Volume,,35.967836850274594,-6.689494842686145,-3.391145073593235,BEARISH,BEARISH,4107.830736402591,4601.0,19.053526582614523,111.688
GOLD,SHORT,2026-07-14T00:00:00+00:00,2026-07-14T01:00:00+00:00,4010.8,2026-07-14T05:00:00+00:00,4036.4808,4036.4808,3959.4386,0.027847,1.1169,-0.7151,-0.64,4.0,False,STOP_LOSS,False,6,4h Trend|1h Trend|RSI|MACD Momentum|Price vs MA|Volume,,30.98821268822789,-22.97033891875435,-21.838671123536194,BEARISH,BEARISH,4035.09692992496,5093.0,17.12049416851144,110.9729
GOLD,SHORT,2026-07-16T12:00:00+00:00,2026-07-16T13:00:00+00:00,3996.3,2026-07-17T15:00:00+00:00,4024.498,4024.498,3939.9042,0.027769,1.1097,-0.783,-0.706,26.0,False,STOP_LOSS,False,6,4h Trend|1h Trend|RSI|MACD Momentum|Price vs MA|Volume,,29.983032633914846,-7.23421310432559,-3.816812148346993,BEARISH,BEARISH,4039.75710282601,21186.0,18.798627385765045,110.1898
GOLD,LONG,2026-07-22T06:00:00+00:00,2026-07-22T07:00:00+00:00,4120.7998,2026-07-22T14:00:00+00:00,4163.6771,4099.3612,4163.6771,0.02674,1.1019,1.1465,1.041,7.0,True,TAKE_PROFIT,False,6,4h Trend|1h Trend|RSI|MACD Momentum|Price vs MA|Volume,,66.81530796710832,22.287652793926554,19.688042829142404,BULLISH,BULLISH,4098.229129744791,6601.0,14.292433807877963,111.3364
GOLD,LONG,2026-07-22T23:00:00+00:00,2026-07-23T00:00:00+00:00,4136.7998,2026-07-23T07:00:00+00:00,4106.5111,4106.5111,4197.3773,0.026914,1.1134,-0.8152,-0.732,7.0,False,STOP_LOSS,False,4,4h Trend|RSI|Price vs MA|Volume,1h Trend|MACD Momentum,55.98926271376553,12.507028114611785,16.449723947674155,NEUTRAL,BULLISH,4129.706059828906,4017.0,20.19250247797686,110.5212
GOLD,LONG,2026-07-27T01:00:00+00:00,2026-07-27T02:00:00+00:00,4112.2002,2026-07-27T03:00:00+00:00,4087.7716,4087.7716,4161.0574,0.026876,1.1052,-0.6566,-0.594,1.0,False,STOP_LOSS,False,6,4h Trend|1h Trend|RSI|MACD Momentum|Price vs MA|Volume,,68.91831148077169,8.685154281561609,2.1919328710805046,BULLISH,BULLISH,4074.883233633288,3858.0,16.285729559974666,109.8646
GOLD,LONG,2026-07-27T07:00:00+00:00,2026-07-27T08:00:00+00:00,4090.8999,2026-07-27T14:00:00+00:00,4070.3024,4070.3024,4132.0948,0.026856,1.0986,-0.5532,-0.503,6.0,False,STOP_LOSS,False,6,4h Trend|1h Trend|RSI|MACD Momentum|Price vs MA|Volume,,55.49952266623374,8.646831745532381,7.203591309768379,BULLISH,BULLISH,4083.5201326704455,4417.0,13.731636107118604,109.3115
GOLD,SHORT,2026-07-28T09:00:00+00:00,2026-07-28T10:00:00+00:00,4023.1001,2026-07-28T15:00:00+00:00,4043.4401,4043.4401,3982.4202,0.027171,1.0931,-0.5527,-0.506,5.0,False,STOP_LOSS,False,6,4h Trend|1h Trend|RSI|MACD Momentum|Price vs MA|Volume,,27.566098430464862,-11.81777729188343,-8.458096060738656,BEARISH,BEARISH,4057.627798462112,9614.0,13.559978934910077,108.7588
GOLD,LONG,2026-07-29T18:00:00+00:00,2026-07-29T19:00:00+00:00,4167.1001,2026-07-29T19:00:00+00:00,4129.4136,4129.4136,4242.4731,0.026099,1.0876,-0.9836,-0.904,0.0,False,STOP_LOSS,False,6,4h Trend|1h Trend|RSI|MACD Momentum|Price vs MA|Volume,,77.0409931308418,18.367994785869996,10.479016863918003,BULLISH,BULLISH,4076.0854344491745,30378.0,25.124329134793484,107.7752
GOLD,LONG,2026-07-30T08:00:00+00:00,2026-07-30T09:00:00+00:00,4119.3999,2026-07-31T13:00:00+00:00,4083.4054,4083.4054,4191.3888,0.026163,1.0778,-0.9417,-0.874,28.0,False,STOP_LOSS,False,4,4h Trend|RSI|Price vs MA|Volume,1h Trend|MACD Momentum,55.82566174452189,10.317101646469382,14.718016407416494,NEUTRAL,BULLISH,4103.391539993413,7080.0,23.996308188457906,106.8335
GOLD,LONG,2026-08-04T13:00:00+00:00,2026-08-04T14:00:00+00:00,4140.7002,2026-08-05T04:00:00+00:00,4197.4065,4112.3471,4197.4065,0.025801,1.0683,1.4631,1.369,14.0,True,TAKE_PROFIT,False,6,4h Trend|1h Trend|RSI|MACD Momentum|Price vs MA|Volume,,63.635597907280726,4.908779861531002,2.0010892884362406,BULLISH,BULLISH,4116.731971962757,18051.0,18.90208568478721,108.2966
GOLD,LONG,2026-08-06T00:00:00+00:00,2026-08-06T01:00:00+00:00,4354.6001,2026-08-06T03:00:00+00:00,4320.3542,4320.3542,4423.092,0.024869,1.083,-0.8517,-0.786,2.0,False,STOP_LOSS,False,6,4h Trend|1h Trend|RSI|MACD Momentum|Price vs MA|Volume,,81.64351338527693,44.584536835709514,40.84327660242589,BULLISH,BULLISH,4275.340400342127,9424.0,22.83062158491266,107.4449
GOLD,LONG,2026-08-06T11:00:00+00:00,2026-08-06T12:00:00+00:00,4322.2002,2026-08-06T13:00:00+00:00,4294.4213,4294.4213,4377.758,0.024859,1.0744,-0.6906,-0.643,1.0,False,STOP_LOSS,False,4,4h Trend|RSI|Price vs MA|Volume,1h Trend|MACD Momentum,60.659375112826794,25.59338462216965,31.832111971760376,NEUTRAL,BULLISH,4310.467598957189,6046.0,18.519259601311262,106.7543
GOLD,LONG,2026-08-07T01:00:00+00:00,2026-08-07T02:00:00+00:00,4314.6001,2026-08-07T08:00:00+00:00,4373.1701,4285.3151,4373.1701,0.024743,1.0675,1.4492,1.357,6.0,True,TAKE_PROFIT,False,4,4h Trend|RSI|Price vs MA|Volume,1h Trend|MACD Momentum,54.19170772059608,4.211072447714287,8.688478485697454,NEUTRAL,BULLISH,4306.825018340547,4642.0,19.52334394674837,108.2035
GOLD,LONG,2026-08-10T01:00:00+00:00,2026-08-10T02:00:00+00:00,4382.7998,2026-08-10T18:00:00+00:00,4438.2356,4355.0819,4438.2356,0.024688,1.082,1.3686,1.265,16.0,True,TAKE_PROFIT,False,4,4h Trend|RSI|Price vs MA|Volume,1h Trend|MACD Momentum,55.21346883631686,17.265065263325596,21.032615884288095,NEUTRAL,BULLISH,4380.6030625865205,7756.0,18.478588131541656,109.5721
GOLD,LONG,2026-08-10T19:00:00+00:00,2026-08-10T20:00:00+00:00,4447.0,2026-08-11T06:00:00+00:00,4420.2541,4420.2541,4500.4917,0.02464,1.0957,-0.659,-0.601,10.0,False,STOP_LOSS,False,6,4h Trend|1h Trend|RSI|MACD Momentum|Price vs MA|Volume,,69.63533586706203,14.061109880247386,11.345569527350255,BULLISH,BULLISH,4407.147127725287,6828.0,17.830570557693118,108.9131
